frame,type,left,reference,left_label,reference_label,iou
adasind_167700.jpg,mismatching_attributes,7,6,ThreeWheeler,ThreeWheeler,0.859
adasind_167700.jpg,mismatching_attributes,2,3,Pedestrian,Pedestrian,0.824
adasind_167700.jpg,mismatching_label,5,4,Truck,Car,0.753
adasind_167700.jpg,mismatching_attributes,8,5,Bike,Bike,0.606
adasind_167700.jpg,extra_annotation,1,,Bike,,N/A
adasind_167700.jpg,missing_annotation,,2,,Bike,N/A
adasind_167700.jpg,missing_annotation,,8,,Truck,N/A
adasind_167700.jpg,missing_annotation,,9,,Bike,N/A
adasind_199770.jpg,mismatching_attributes,8,2,ThreeWheeler,ThreeWheeler,0.596
adasind_199770.jpg,extra_annotation,1,,ThreeWheeler,,N/A
adasind_199770.jpg,extra_annotation,3,,Pedestrian,,N/A
adasind_199770.jpg,extra_annotation,5,,Bike,,N/A
adasind_199770.jpg,extra_annotation,9,,Bike,,N/A
adasind_199770.jpg,missing_annotation,,3,,Pedestrian,N/A
adasind_199770.jpg,missing_annotation,,4,,ThreeWheeler,N/A
adasind_199770.jpg,missing_annotation,,5,,Bike,N/A
adasind_199770.jpg,missing_annotation,,6,,Bike,N/A
adasind_199770.jpg,missing_annotation,,9,,Bike,N/A
