round,slice,frame,object_ref,cell,what,why,severity,owner,rule_id,evidence,action,rules_version,note
calib,C0,adasind_019560.jpg,L2,na,SPURIOUS,E1_annotator_error,P1,annotator,R03,"compare.md: L2 Pedestrian [463,730,531,835] SPURIOUS; R có một Bike [427,736,535,910] bao cả người lái và xe máy; overlay cho thấy người đang ngồi lái",rework,v1.0.0,"Tôi tách người lái thành Pedestrian (L2) + Bike (L7 [419,802,529,918]) nên L7 cũng hụt phần thân người. Đúng R03 là một box Bike bao người+xe (Card 2 clinic). C0 đã khóa nên không sửa âm thầm; áp luật này khi làm slice B3-dense"
calib,C0,adasind_019560.jpg,L8,na,SPURIOUS,E2_guideline_gap,P2,guideline,R01,"L8 Bike [595,782,645,843] cao 61 px (>= H=40): xe máy đỗ phía sau người đạp xe áo vàng, chỉ thấy đầu xe/đèn và một bánh; R không có box nào ở vị trí này",keep_with_reason,v1.0.0,"R01 chỉ nói vật cao >= 40 px thì box nhưng không nói đo phần nhìn thấy hay cả vật, và vật bị che gần hết có cần box không. Giữ L8 vì phần nhìn thấy >= 40 px; nếu reviewer xác nhận vật này phải có box thì đây là E0_reference_defect. Đề xuất bổ sung R01 trong 20_guideline_patch.md"
calib,prelabel-48,48_frames,prelabel_summary,na,STRUCTURE,E5_unresolved,P2,qa,R09,assets/worked/prelabel-quality.png: YOLO26m pre-label vs reference v2 trên 48 frame: accuracy 0.392; khớp 226 / thiếu 49 / thừa 204; 68/152 box thừa không có reference nằm >= 50% trong ignore_region (ego_body 49),escalate,v1.0.0,"Đây là SỐ TỔNG HỢP của lần thử pre-label, không phải điểm của tôi. Một phần 'thừa' là box model đặt trên ego_body mà compare coi là don't-care (R09) còn CVAT vẫn đếm extra, nên accuracy 0.392 đánh giá thấp model. Ca cần soi trên ảnh: box model nằm trên vùng ego_body và 98 mismatching_label (ví dụ ThreeWheeler/Bike). Cần so lại sau khi loại box trong ignore trước khi kết luận E4_model_domain"
r2_qa,B2-mid,adasind_102750.jpg,"Truck[334,915,369,952]",L_only,SPURIOUS,,,,R01,qa_overlay.html + export khóa 674A-86BB: box cao 37 px < H=40,,v1.0.0,Đề nghị tác giả xoá hoặc kiểm lại chiều cao phần nhìn thấy
r2_qa,B2-mid,adasind_086220.jpg,L5+L6,L_only,DUPLICATE,,,,R04,"L5 Bike [315,980,360,1027] và L6 ThreeWheeler [322,961,378,1006] chồng một phần ở cùng cụm xe xa",,v1.0.0,Cần xác nhận hai vật khác nhau hay một vật hai box/hai class
r2_qa,B2-mid,adasind_102750.jpg,L3,L_only,WRONG_CLASS,,,,R04,"L3 Bus [0,845,86,963] sát mép trái; hình dáng giống van/tempo nhỏ hơn xe buýt",,v1.0.0,Đề nghị xem lại class theo bảng R04
r2_qa,B2-mid,adasind_086220.jpg,L1,L_only,ATTRIBUTE,,,,R05,"L1 ThreeWheeler [655,879,1080,1299] chạm biên phải nhưng truncated=false",,v1.0.0,Nếu thân xe bị khung cắt thì cần truncated
r2_qa,B2-mid,adasind_086220.jpg,left_parked_3W,L_only,MISSING,,,,R01,"Xe ba bánh đỗ lề trái gần gốc cây (x≈40–100, y≈965–1010) không có box",,v1.0.0,Cần đo chiều cao; nếu ≥ 40 px thì thiếu box
r1_craft,B3-dense,adasind_145860.jpg,L2,na,IGNORE_SCOPE,E2_guideline_gap,P2,guideline,R06,"L2 Truck [235,858,288,910] cao 52 px; reference đặt ignore unreadable [238,859,281,908] đúng chỗ đó",keep_with_reason,v1.0.0,R06 không có tiêu chí khi nào vật >= H được coi là unreadable thay vì box → đề xuất trong 20_guideline_patch.md
r1_craft,B3-dense,adasind_167700.jpg,L4,na,IGNORE_SCOPE,E0_reference_defect,P0,qa,R07,"Reference vẽ ego_body [922,747,1077,1443] phủ người quàng khăn đang dắt xe đạp ở mép phải adasind_167700; người này đứng ngoài xe ego và reference vẫn box xe đạp của anh ta (R2)",escalate,v1.0.0,R07: ego_body chỉ là thân xe/người lái của xe gắn camera. Escalate cho người giữ reference; xem 30_escalation_ticket.md
r1_craft,B3-dense,adasind_167700.jpg,L9,na,IGNORE_SCOPE,E5_unresolved,P2,qa,R02,"L9 Bike [756,982,1080,1291] kéo tới mép phải; R2 [755,1049,975,1283] và model M7 [755,1079,954,1289] dừng ở x=955-975",keep_with_reason,v1.0.0,Quyết định của annotator ở P5: giữ box vì phần xe đạp còn kéo dài phía sau người quàng khăn tới mép ảnh. R và M cắt ở tay lái. Chưa phân xử được phần bị người che thuộc xe hay không; cần reviewer thứ hai xem ảnh gốc
r1_craft,B3-dense,adasind_167700.jpg,L1+R9,na,BOX_GEOMETRY,E1_annotator_error,P1,annotator,R02,"L1 Bike [312,1009,350,1109] chỉ ôm bánh/khung dưới; R9 [296,942,346,1112] ôm cả thùng hàng trên xe đạp; model M5 [313,1012,352,1112] giống L; phóng to thấy thùng hàng là phần nhìn thấy của xe",rework,v1.0.0,Box phải bám toàn bộ phần nhìn thấy (R02) → kéo cạnh trên lên khoảng y=942
r1_craft,B3-dense,adasind_167700.jpg,L5+R4,na,WRONG_CLASS,E1_annotator_error,P1,annotator,R04,"L5 Truck [574,871,698,989] vs R4 Car [587,877,699,1005]; model M4 Car [578,878,701,994] cũng Car; xe trắng là van chở người",rework,v1.0.0,R04: van chở người → Car. Sửa class L5 thành Car
r1_craft,B3-dense,adasind_167700.jpg,R2,na,MISSING,E5_unresolved,P2,qa,R02,"L9 Bike [756,982,1080,1291] kéo tới mép phải; R2 [755,1049,975,1283] và model M7 [755,1079,954,1289] dừng ở x=955-975",keep_with_reason,v1.0.0,Quyết định của annotator ở P5: giữ box vì phần xe đạp còn kéo dài phía sau người quàng khăn tới mép ảnh. R và M cắt ở tay lái. Chưa phân xử được phần bị người che thuộc xe hay không; cần reviewer thứ hai xem ảnh gốc
r1_craft,B3-dense,adasind_167700.jpg,R8,na,MISSING,E1_annotator_error,P1,annotator,R01,"R8 Truck [551,871,600,938] occluded, cao 67 px >= H; model M9 Truck [552,871,597,937] cùng vị trí; tôi không có box",rework,v1.0.0,"Xe tải bị van trắng che một phần, bị bỏ sót → thêm box Truck occluded=true"
r1_craft,B3-dense,adasind_199770.jpg,L4,na,IGNORE_SCOPE,E0_reference_defect,P0,qa,R07,"Reference vẽ ego_body [924,813,1080,1552] phủ cả xe ba bánh đen ở mép phải adasind_199770, đồng thời vẫn có box R4 ThreeWheeler [935,990,1080,1300] cùng chỗ → reference tự mâu thuẫn",escalate,v1.0.0,"Xe ba bánh có bánh và chữ trên thân là xe khác, không phải ego. Escalate; xem 30_escalation_ticket.md"
r1_craft,B3-dense,adasind_199770.jpg,L1,na,SPURIOUS,E5_unresolved,P2,qa,R02,"L1 ThreeWheeler [373,822,436,908] + L6 [425,813,533,946]; R8 [371,810,532,947] và model M12 Car [373,809,530,947] đều một box",keep_with_reason,v1.0.0,"Phóng to: phần trái giống hông một xe ba bánh trắng có người đứng, phần phải là đầu một xe khác; chưa đủ chắc là hai xe hay một xe nhìn xiên. Cần frame kề để xác nhận"
r1_craft,B3-dense,adasind_199770.jpg,L3,na,SPURIOUS,E0_reference_defect,P2,qa,R01,"L3 Pedestrian [350,830,368,886] cao 56 px; model M9 [352,830,367,886] cũng thấy; reference không có",keep_with_reason,v1.0.0,Phóng to thấy dáng người đứng trước quầy hàng (có chân). L và M cùng thấy → nghi reference thiếu; giữ box
r1_craft,B3-dense,adasind_199770.jpg,L5+R9,na,BOX_GEOMETRY,E0_reference_defect,P2,qa,R02,"L5 Bike [541,891,671,1006]; R9 [539,880,610,997]; model M3 [535,887,652,1000]",keep_with_reason,v1.0.0,"Phóng to: thân đỏ và bánh sau xe tay ga còn thấy tới khoảng x=650 → R9 cắt mất đuôi xe. Box của tôi lố khoảng 20 px sang chân người áo trắng; lệch nhỏ, giữ"
r1_craft,B3-dense,adasind_199770.jpg,L9+R5,na,BOX_GEOMETRY,E0_reference_defect,P2,qa,R03,"L9 Bike [78,836,146,902] một box; model M5 [77,832,147,904] cũng một box; reference tách R5 [91,836,119,903] + R6 [109,839,144,882]",keep_with_reason,v1.0.0,"Quyết định của annotator ở P5: đây là một xe máy có người ngồi → R03 một box Bike. Model cũng cho một box; reference tách hai Bike có thể là tách người lái thành box riêng. Giữ, đánh dấu nghi reference sai"
r1_craft,B3-dense,adasind_199770.jpg,R3,na,MISSING,E5_unresolved,P2,qa,R01,"R3 Pedestrian [847,829,905,947] dưới mái tôn bên phải; model M10 [848,851,899,948] cũng thấy; L không có box",keep_with_reason,v1.0.0,"Quyết định của annotator ở P5: không thêm box vì vùng tối/mờ, không nhìn rõ là một người đứng (R02: chỉ box phần nhìn thấy rõ). R và M đều thấy nên có thể L thiếu; cần reviewer thứ hai hoặc frame kề"
r1_craft,B3-dense,adasind_199770.jpg,R4,na,MISSING,E0_reference_defect,P0,qa,R07,"Reference vẽ ego_body [924,813,1080,1552] phủ cả xe ba bánh đen ở mép phải adasind_199770, đồng thời vẫn có box R4 ThreeWheeler [935,990,1080,1300] cùng chỗ → reference tự mâu thuẫn",escalate,v1.0.0,"Xe ba bánh có bánh và chữ trên thân là xe khác, không phải ego. Escalate; xem 30_escalation_ticket.md"
r1_craft,B3-dense,adasind_199770.jpg,R6,na,MISSING,E0_reference_defect,P2,qa,R03,"L9 Bike [78,836,146,902] một box; model M5 [77,832,147,904] cũng một box; reference tách R5 [91,836,119,903] + R6 [109,839,144,882]",keep_with_reason,v1.0.0,"Quyết định của annotator ở P5: đây là một xe máy có người ngồi → R03 một box Bike. Model cũng cho một box; reference tách hai Bike có thể là tách người lái thành box riêng. Giữ, đánh dấu nghi reference sai"
r3_diag,B3-dense,adasind_167700.jpg,L7+R6,LR_noM,MISSING,E4_model_domain,P2,ai_team,R04,"Model gán ThreeWheeler thành Truck/Car ở 4 chỗ: 167700 M8 Truck; 199770 M7 Truck, M8 Car, M12 Car; L và R đều là ThreeWheeler",keep_with_reason,v1.0.0,"Giả thuyết: model đóng băng không có class ThreeWheeler/auto-rickshaw trong miền huấn luyện nên dồn sang Truck/Car. Lặp lại ở cả 4 xe ba bánh model thấy → đủ để nêu giả thuyết, cần kiểm trên 48 frame"
r3_diag,B3-dense,adasind_167700.jpg,L6+R7,LR_noM,MISSING,E5_unresolved,P3,ai_team,R01,"Truck xa L6 [489,897,548,949] = R7; model không có box",keep_with_reason,v1.0.0,"Model bỏ sót một xe tải nhỏ ở xa; một ca, chưa đủ để kết luận E4. Cần xem score/recall vật nhỏ trên nhiều frame"
r3_diag,B3-dense,adasind_167700.jpg,L1+M5,LM_noR,SPURIOUS,E1_annotator_error,P1,annotator,R02,"L1 Bike [312,1009,350,1109] chỉ ôm bánh/khung dưới; R9 [296,942,346,1112] ôm cả thùng hàng trên xe đạp; model M5 [313,1012,352,1112] giống L; phóng to thấy thùng hàng là phần nhìn thấy của xe",rework,v1.0.0,Box phải bám toàn bộ phần nhìn thấy (R02) → kéo cạnh trên lên khoảng y=942
r3_diag,B3-dense,adasind_167700.jpg,L5,L_only,SPURIOUS,E1_annotator_error,P1,annotator,R04,"L5 Truck [574,871,698,989] vs R4 Car [587,877,699,1005]; model M4 Car [578,878,701,994] cũng Car; xe trắng là van chở người",rework,v1.0.0,R04: van chở người → Car. Sửa class L5 thành Car
r3_diag,B3-dense,adasind_167700.jpg,R2+M7,RM_noL,MISSING,E5_unresolved,P2,qa,R02,"L9 Bike [756,982,1080,1291] kéo tới mép phải; R2 [755,1049,975,1283] và model M7 [755,1079,954,1289] dừng ở x=955-975",keep_with_reason,v1.0.0,Quyết định của annotator ở P5: giữ box vì phần xe đạp còn kéo dài phía sau người quàng khăn tới mép ảnh. R và M cắt ở tay lái. Chưa phân xử được phần bị người che thuộc xe hay không; cần reviewer thứ hai xem ảnh gốc
r3_diag,B3-dense,adasind_167700.jpg,R4+M4,RM_noL,MISSING,E1_annotator_error,P1,annotator,R04,"L5 Truck [574,871,698,989] vs R4 Car [587,877,699,1005]; model M4 Car [578,878,701,994] cũng Car; xe trắng là van chở người",rework,v1.0.0,R04: van chở người → Car. Sửa class L5 thành Car
r3_diag,B3-dense,adasind_167700.jpg,R8+M9,RM_noL,MISSING,E1_annotator_error,P1,annotator,R01,"R8 Truck [551,871,600,938] occluded, cao 67 px >= H; model M9 Truck [552,871,597,937] cùng vị trí; tôi không có box",rework,v1.0.0,"Xe tải bị van trắng che một phần, bị bỏ sót → thêm box Truck occluded=true"
r3_diag,B3-dense,adasind_167700.jpg,R9,R_only,MISSING,E1_annotator_error,P1,annotator,R02,"L1 Bike [312,1009,350,1109] chỉ ôm bánh/khung dưới; R9 [296,942,346,1112] ôm cả thùng hàng trên xe đạp; model M5 [313,1012,352,1112] giống L; phóng to thấy thùng hàng là phần nhìn thấy của xe",rework,v1.0.0,Box phải bám toàn bộ phần nhìn thấy (R02) → kéo cạnh trên lên khoảng y=942
r3_diag,B3-dense,adasind_167700.jpg,M8,M_only,SPURIOUS,E4_model_domain,P2,ai_team,R04,"Model gán ThreeWheeler thành Truck/Car ở 4 chỗ: 167700 M8 Truck; 199770 M7 Truck, M8 Car, M12 Car; L và R đều là ThreeWheeler",keep_with_reason,v1.0.0,"Giả thuyết: model đóng băng không có class ThreeWheeler/auto-rickshaw trong miền huấn luyện nên dồn sang Truck/Car. Lặp lại ở cả 4 xe ba bánh model thấy → đủ để nêu giả thuyết, cần kiểm trên 48 frame"
r3_diag,B3-dense,adasind_199770.jpg,L7+R7,LR_noM,MISSING,E5_unresolved,P3,ai_team,R04,"L7 Truck [221,817,275,860] = R7 Truck; model M6 Car [223,814,274,861]",keep_with_reason,v1.0.0,"Xe nhỏ ở xa (43 px), ảnh mờ; L và R cùng Truck, model Car. Chưa đủ bằng chứng để nói model sai miền"
r3_diag,B3-dense,adasind_199770.jpg,L6+R8,LR_noM,MISSING,E4_model_domain,P2,ai_team,R04,"Model gán ThreeWheeler thành Truck/Car ở 4 chỗ: 167700 M8 Truck; 199770 M7 Truck, M8 Car, M12 Car; L và R đều là ThreeWheeler",keep_with_reason,v1.0.0,"Giả thuyết: model đóng băng không có class ThreeWheeler/auto-rickshaw trong miền huấn luyện nên dồn sang Truck/Car. Lặp lại ở cả 4 xe ba bánh model thấy → đủ để nêu giả thuyết, cần kiểm trên 48 frame"
r3_diag,B3-dense,adasind_199770.jpg,L8+R2,LR_noM,MISSING,E4_model_domain,P2,ai_team,R04,"Model gán ThreeWheeler thành Truck/Car ở 4 chỗ: 167700 M8 Truck; 199770 M7 Truck, M8 Car, M12 Car; L và R đều là ThreeWheeler",keep_with_reason,v1.0.0,"Giả thuyết: model đóng băng không có class ThreeWheeler/auto-rickshaw trong miền huấn luyện nên dồn sang Truck/Car. Lặp lại ở cả 4 xe ba bánh model thấy → đủ để nêu giả thuyết, cần kiểm trên 48 frame"
r3_diag,B3-dense,adasind_199770.jpg,L1,L_only,SPURIOUS,E5_unresolved,P2,qa,R02,"L1 ThreeWheeler [373,822,436,908] + L6 [425,813,533,946]; R8 [371,810,532,947] và model M12 Car [373,809,530,947] đều một box",keep_with_reason,v1.0.0,"Phóng to: phần trái giống hông một xe ba bánh trắng có người đứng, phần phải là đầu một xe khác; chưa đủ chắc là hai xe hay một xe nhìn xiên. Cần frame kề để xác nhận"
r3_diag,B3-dense,adasind_199770.jpg,L3+M9,LM_noR,SPURIOUS,E0_reference_defect,P2,qa,R01,"L3 Pedestrian [350,830,368,886] cao 56 px; model M9 [352,830,367,886] cũng thấy; reference không có",keep_with_reason,v1.0.0,Phóng to thấy dáng người đứng trước quầy hàng (có chân). L và M cùng thấy → nghi reference thiếu; giữ box
r3_diag,B3-dense,adasind_199770.jpg,L5+M3,LM_noR,SPURIOUS,E0_reference_defect,P2,qa,R02,"L5 Bike [541,891,671,1006]; R9 [539,880,610,997]; model M3 [535,887,652,1000]",keep_with_reason,v1.0.0,"Phóng to: thân đỏ và bánh sau xe tay ga còn thấy tới khoảng x=650 → R9 cắt mất đuôi xe. Box của tôi lố khoảng 20 px sang chân người áo trắng; lệch nhỏ, giữ"
r3_diag,B3-dense,adasind_199770.jpg,L9+M5,LM_noR,SPURIOUS,E0_reference_defect,P2,qa,R03,"L9 Bike [78,836,146,902] một box; model M5 [77,832,147,904] cũng một box; reference tách R5 [91,836,119,903] + R6 [109,839,144,882]",keep_with_reason,v1.0.0,"Quyết định của annotator ở P5: đây là một xe máy có người ngồi → R03 một box Bike. Model cũng cho một box; reference tách hai Bike có thể là tách người lái thành box riêng. Giữ, đánh dấu nghi reference sai"
r3_diag,B3-dense,adasind_199770.jpg,R3+M10,RM_noL,MISSING,E5_unresolved,P2,qa,R01,"R3 Pedestrian [847,829,905,947] dưới mái tôn bên phải; model M10 [848,851,899,948] cũng thấy; L không có box",keep_with_reason,v1.0.0,"Quyết định của annotator ở P5: không thêm box vì vùng tối/mờ, không nhìn rõ là một người đứng (R02: chỉ box phần nhìn thấy rõ). R và M đều thấy nên có thể L thiếu; cần reviewer thứ hai hoặc frame kề"
r3_diag,B3-dense,adasind_199770.jpg,R4,R_only,MISSING,E0_reference_defect,P0,qa,R07,"Reference vẽ ego_body [924,813,1080,1552] phủ cả xe ba bánh đen ở mép phải adasind_199770, đồng thời vẫn có box R4 ThreeWheeler [935,990,1080,1300] cùng chỗ → reference tự mâu thuẫn",escalate,v1.0.0,"Xe ba bánh có bánh và chữ trên thân là xe khác, không phải ego. Escalate; xem 30_escalation_ticket.md"
r3_diag,B3-dense,adasind_199770.jpg,R5,R_only,MISSING,E0_reference_defect,P2,qa,R03,"L9 Bike [78,836,146,902] một box; model M5 [77,832,147,904] cũng một box; reference tách R5 [91,836,119,903] + R6 [109,839,144,882]",keep_with_reason,v1.0.0,"Quyết định của annotator ở P5: đây là một xe máy có người ngồi → R03 một box Bike. Model cũng cho một box; reference tách hai Bike có thể là tách người lái thành box riêng. Giữ, đánh dấu nghi reference sai"
r3_diag,B3-dense,adasind_199770.jpg,R6,R_only,MISSING,E0_reference_defect,P2,qa,R03,"L9 Bike [78,836,146,902] một box; model M5 [77,832,147,904] cũng một box; reference tách R5 [91,836,119,903] + R6 [109,839,144,882]",keep_with_reason,v1.0.0,"Quyết định của annotator ở P5: đây là một xe máy có người ngồi → R03 một box Bike. Model cũng cho một box; reference tách hai Bike có thể là tách người lái thành box riêng. Giữ, đánh dấu nghi reference sai"
r3_diag,B3-dense,adasind_199770.jpg,R9,R_only,MISSING,E0_reference_defect,P2,qa,R02,"R9 Bike [539,880,610,997] không ghép được với L5 [541,891,671,1006] hay model M3 [535,887,652,1000]",keep_with_reason,v1.0.0,Cùng ca với L5+R9: reference cắt đuôi xe tay ga
r3_diag,B3-dense,adasind_199770.jpg,M4,M_only,SPURIOUS,E4_model_domain,P2,ai_team,R07,"M4 Pedestrian [0,987,140,1577] trùng vùng tay/thân người lái ego (ego_body của tôi và reference)",keep_with_reason,v1.0.0,Model không biết ego_body nên box người lái. Khớp tín hiệu pre-label: 49 box thừa nằm trên ego_body
r3_diag,B3-dense,adasind_199770.jpg,M6,M_only,SPURIOUS,E5_unresolved,P3,ai_team,R04,"L7 Truck [221,817,275,860] = R7 Truck; model M6 Car [223,814,274,861]",keep_with_reason,v1.0.0,"Xe nhỏ ở xa (43 px), ảnh mờ; L và R cùng Truck, model Car. Chưa đủ bằng chứng để nói model sai miền"
r3_diag,B3-dense,adasind_199770.jpg,M8,M_only,SPURIOUS,E4_model_domain,P2,ai_team,R04,"Model gán ThreeWheeler thành Truck/Car ở 4 chỗ: 167700 M8 Truck; 199770 M7 Truck, M8 Car, M12 Car; L và R đều là ThreeWheeler",keep_with_reason,v1.0.0,"Giả thuyết: model đóng băng không có class ThreeWheeler/auto-rickshaw trong miền huấn luyện nên dồn sang Truck/Car. Lặp lại ở cả 4 xe ba bánh model thấy → đủ để nêu giả thuyết, cần kiểm trên 48 frame"
r3_diag,B3-dense,adasind_199770.jpg,M11,M_only,SPURIOUS,E5_unresolved,P3,ai_team,R01,"M11 Pedestrian [676,835,706,915] sau lưng người áo trắng; L và R không có",keep_with_reason,v1.0.0,"Phóng to chỉ thấy mảng tối, không rõ là người thứ hai hay nền → cần frame kề"
r3_diag,B3-dense,adasind_199770.jpg,M12,M_only,SPURIOUS,E4_model_domain,P2,ai_team,R04,"Model gán ThreeWheeler thành Truck/Car ở 4 chỗ: 167700 M8 Truck; 199770 M7 Truck, M8 Car, M12 Car; L và R đều là ThreeWheeler",keep_with_reason,v1.0.0,"Giả thuyết: model đóng băng không có class ThreeWheeler/auto-rickshaw trong miền huấn luyện nên dồn sang Truck/Car. Lặp lại ở cả 4 xe ba bánh model thấy → đủ để nêu giả thuyết, cần kiểm trên 48 frame"
r3_diag,B3-dense,adasind_199770.jpg,M13,M_only,SPURIOUS,E5_unresolved,P3,ai_team,R01,"M13 Pedestrian [752,850,776,923] cao 73 px cạnh cột dưới mái; L và R không có",keep_with_reason,v1.0.0,"Phóng to thấy dáng sáng màu mờ trong vùng tối, chưa chắc là người. Nếu là người thì cả L và R cùng thiếu"
